,front-end_carts,orders_carts,carts_carts-db,front-end_catalogue,catalogue_catalogue-db,unknown_front-end,front-end_orders,orders_orders-db,orders_payment,queue-master_rabbitmq,shipping_rabbitmq,orders_shipping,front-end_user,orders_user,user_user-db
0,4.7638,1.9419333333333333,0.021266666666666666,0.0,0.0,468.3924666666667,5.034133333333333,0.021266666666666666,0.0,0.0,0.0,1.8118666666666665,0.0,0.0,0.020733333333333333
1,4.7638,1.9419333333333333,0.021266666666666666,0.0,0.0,468.3924666666667,5.034133333333333,0.021266666666666666,0.0,0.0,0.0,1.8118666666666665,0.0,0.0,0.020733333333333333
2,4.7638,1.9419333333333333,0.021266666666666666,0.0,0.0,468.3924666666667,5.034133333333333,0.021266666666666666,0.0,0.0,0.0,1.8118666666666663,0.0,0.0,0.020733333333333333
3,4.6995000000000005,1.97045,0.026583333333333334,0.0,0.0,541.5155166666666,6.595533333333333,0.026583333333333334,0.0,0.0,0.0,1.9557999999999998,0.0,0.0,0.01555
4,4.66092,1.9875599999999998,0.029773333333333336,0.0,0.0,585.3893466666666,7.532373333333334,0.029773333333333336,0.0,0.0,0.0,2.04216,0.0,0.0,0.01244
5,4.6352,1.9989666666666668,0.031900000000000005,0.0,0.0,614.6385666666666,8.156933333333333,0.031900000000000005,0.0,0.0,0.0,2.099733333333333,0.0,0.0,0.010366666666666666
6,4.570095238095238,2.258780952380952,0.03038095238095238,0.0,0.0,582.9876761904762,8.025885714285716,0.03038095238095238,0.0,0.0,0.0,2.119085714285714,0.0,0.0,0.011847619047619048
