,front-end_carts,orders_carts,front-end_catalogue,front-end_orders,orders_payment,orders_shipping,front-end_user,orders_user,carts_carts-db,catalogue_catalogue-db,orders_orders-db,queue-master_rabbitmq,shipping_rabbitmq,user_user-db
0,7.363636363636365,3.620689655172414,2.858796296296296,375.0,2.5204918032786887,2.6881720430107525,375.0,375.0,0.021266666666666666,0.0,0.021266666666666666,0.0,0.0,0.020733333333333333
1,7.363636363636365,3.620689655172414,2.858796296296296,375.0,2.5204918032786887,2.6881720430107525,375.0,375.0,0.021266666666666666,0.0,0.021266666666666666,0.0,0.0,0.020733333333333333
2,7.363636363636365,3.620689655172414,2.858796296296296,375.0,2.5204918032786887,2.6881720430107525,375.0,375.0,0.021266666666666666,0.0,0.021266666666666666,0.0,0.0,0.020733333333333333
3,5.878995433789955,2.8269230769230775,2.542372881355932,375.0,2.5,2.5,375.0,375.0,0.026583333333333334,0.0,0.026583333333333334,0.0,0.0,0.01555
4,5.878995433789955,2.8269230769230775,2.542372881355932,375.0,2.5,2.5,375.0,375.0,0.029773333333333336,0.0,0.029773333333333336,0.0,0.0,0.01244
5,5.878995433789955,2.8269230769230775,2.542372881355932,375.0,2.5,2.5,375.0,375.0,0.031900000000000005,0.0,0.031900000000000005,0.0,0.0,0.010366666666666666
6,5.477386934673367,2.6865671641791047,2.5709219858156027,375.0,2.5,2.54,375.0,375.0,0.03038095238095238,0.0,0.03038095238095238,0.0,0.0,0.011847619047619048
