Unnamed: 0,1.0
carts_carts-db,0.9999799158856117
catalogue_catalogue-db,1.0
front-end_carts,46.687761078719134
front-end_catalogue,0.08132475296380898
front-end_orders,30.474193457283743
front-end_user,0.06575093191478451
orders_carts,81.77522682603025
orders_orders-db,1.0
orders_payment,1.6147183521059896
orders_shipping,1.2503905855275101
orders_user,0.23266221107911444
queue-master_rabbitmq,0.9938973970264757
shipping_rabbitmq,1.0
unknown_front-end,
user_user-db,0.9999718945741373
