Unnamed: 0,1.0
carts_carts-db,1.000077257985365
catalogue_catalogue-db,1.0
front-end_carts,0.9759594530485955
front-end_catalogue,6.553489103052599
front-end_orders,2.077852955773879
front-end_user,0.06501326559873881
orders_carts,1.1048108458864465
orders_orders-db,1.0
orders_payment,1.5580643050387526
orders_shipping,1.246504535057459
orders_user,0.24670994622451858
queue-master_rabbitmq,0.994052517952922
shipping_rabbitmq,1.0
unknown_front-end,
user_user-db,0.9999617327435343
