Unnamed: 0,1.0
carts_carts-db,1.0000021714496612
catalogue_catalogue-db,1.0
front-end_carts,1.0429107954946288
front-end_catalogue,0.08764296799632935
front-end_orders,23.481331561773903
front-end_user,5.002100751665204
orders_carts,1.0672312041528873
orders_orders-db,1.0
orders_payment,1.67940610812557
orders_shipping,1.2527075821987397
orders_user,18.224243523994996
queue-master_rabbitmq,0.9875657665290318
shipping_rabbitmq,1.0
unknown_front-end,
user_user-db,0.9999896542560474
