,front-end_carts,orders_carts,carts_carts-db,front-end_catalogue,catalogue_catalogue-db,unknown_front-end,front-end_orders,orders_orders-db,orders_payment,queue-master_rabbitmq,shipping_rabbitmq,orders_shipping,front-end_user,orders_user,user_user-db
0,5.482066666666666,2.8343333333333334,27.550933333333333,23.062466666666666,35.15026666666667,627.2125333333333,10.686933333333332,0.6585333333333333,1.7608,3.1210666666666667,0.0,2.2352,27.159133333333337,9.430666666666665,64.48306666666666
1,5.482066666666666,2.8343333333333334,27.550933333333333,23.062466666666666,35.15026666666667,627.2125333333333,10.686933333333332,0.6585333333333333,1.7608,3.1210666666666667,0.0,2.2352,27.159133333333337,9.430666666666665,64.48306666666666
