,front-end_carts,orders_carts,front-end_catalogue,front-end_orders,orders_payment,orders_shipping,front-end_user,orders_user,carts_carts-db,catalogue_catalogue-db,orders_orders-db,queue-master_rabbitmq,shipping_rabbitmq,user_user-db
0,4.187725631768954,2.8269230769230775,2.6543209876543212,17.5,2.5,2.538167938931298,2.6112656467315722,2.69041769041769,27.592,35.15026666666667,0.6585333333333333,3.1388000000000003,0.0,64.48306666666666
1,4.187725631768954,2.8269230769230775,2.6543209876543212,17.5,2.5,2.538167938931298,2.6112656467315722,2.69041769041769,27.592,35.15026666666667,0.6585333333333333,3.1388000000000003,0.0,64.48306666666666
