Unnamed: 0,1.0
carts_carts-db,0.9999958768464812
catalogue_catalogue-db,1.0
front-end_carts,0.9818590827612447
front-end_catalogue,5.394770032657331
front-end_orders,1.9673212888952119
front-end_user,0.06405099197570592
orders_carts,1.0860872338427763
orders_orders-db,1.0072481117182808
orders_payment,1.5298701718815484
orders_shipping,1.2177545581831275
orders_user,0.2429814454335735
queue-master_rabbitmq,0.9963743332939355
shipping_rabbitmq,1.0
unknown_front-end,
user_user-db,1.0
