,frontend_adservice,checkoutservice_cartservice,frontend_cartservice,frontend_checkoutservice,checkoutservice_currencyservice,frontend_currencyservice,checkoutservice_emailservice,checkoutservice_paymentservice,checkoutservice_productcatalogservice,frontend_productcatalogservice,recommendationservice_productcatalogservice,frontend_recommendationservice,checkoutservice_shippingservice,frontend_shippingservice,cartservice_redis-cart
0,2.5227272727272734,2.5,2.5352112676056335,34.375,2.5,2.5045126353790614,2.5,2.5,2.5,2.5070126227208975,2.5,2.7696078431372553,2.5,2.5,0.18819999999999998
1,2.5227272727272734,2.5,2.5352112676056335,34.375,2.5,2.5045126353790614,2.5,2.5,2.5,2.5070126227208975,2.5,2.7696078431372553,2.5,2.5,0.18819999999999998
2,2.5227272727272734,2.5,2.5352112676056335,34.375,2.5,2.5045126353790614,2.5,2.5,2.5,2.5070126227208975,2.5,2.7696078431372553,2.5,2.5,0.1882
3,2.5227272727272734,2.5,2.5352112676056335,34.375,2.5,2.5045126353790614,2.5,2.5,2.5,2.5070126227208975,2.5,2.7696078431372553,2.5,2.5,0.18819999999999998
4,2.5227272727272734,2.5,2.5352112676056335,34.375,2.5,2.5045126353790614,2.5,2.5,2.5,2.5070126227208975,2.5,2.7696078431372553,2.5,2.5,0.18819999999999998
