,frontend_adservice,checkoutservice_cartservice,frontend_cartservice,frontend_checkoutservice,checkoutservice_currencyservice,frontend_currencyservice,checkoutservice_emailservice,unknown_frontend,checkoutservice_paymentservice,checkoutservice_productcatalogservice,frontend_productcatalogservice,recommendationservice_productcatalogservice,frontend_recommendationservice,checkoutservice_shippingservice,frontend_shippingservice,cartservice_redis-cart
0,2.5227272727272734,2.5,2.5,34.375,2.5,2.5,2.5,16.99579831932773,2.5,2.5,2.5035014005602245,2.5,2.665094339622642,2.5,2.5,0.18780000000000002
1,2.5227272727272734,2.5,2.5,34.375,2.5,2.5,2.5,16.99579831932773,2.5,2.5,2.5035014005602245,2.5,2.665094339622642,2.5,2.5,0.18780000000000002
2,2.5227272727272734,2.5,2.5,34.375,2.5,2.5,2.5,16.99579831932773,2.5,2.5,2.5035014005602245,2.5,2.665094339622642,2.5,2.5,0.18780000000000005
3,2.5227272727272734,2.5,2.5,34.375,2.5,2.5,2.5,16.99579831932773,2.5,2.5,2.5035014005602245,2.5,2.665094339622642,2.5,2.5,0.18780000000000002
4,2.5227272727272734,2.5,2.5,34.375,2.5,2.5,2.5,16.99579831932773,2.5,2.5,2.5035014005602245,2.5,2.665094339622642,2.5,2.5,0.18780000000000002
